{"cameraMode":{"drawMode":0,"name":"Shaded","section":"Shading Mode"},"sceneLighting":true,"audioPlay":false,"sceneViewState":{"showFog":true,"showMaterialUpdate":false,"showSkybox":true,"showFlares":true,"showImageEffects":true,"showParticleSystems":true,"showVisualEffectGraphs":true,"m_FxEnabled":true},"in2DMode":false,"pivot":{"x":4.776000022888184,"y":3.0959999561309816,"z":9.010000228881836},"rotation":{"x":0.026589293032884599,"y":-0.9393122792243958,"z":0.07483313977718353,"w":0.3337475657463074},"size":3.7932498455047609,"orthographic":false}