{"cameraMode":{"drawMode":0,"name":"Shaded","section":"Shading Mode"},"sceneLighting":false,"audioPlay":false,"sceneViewState":{"showFog":true,"showMaterialUpdate":false,"showSkybox":false,"showFlares":true,"showImageEffects":true,"showParticleSystems":true,"showVisualEffectGraphs":true,"m_FxEnabled":true},"in2DMode":false,"pivot":{"x":-6.258487701416016e-7,"y":-2.384185791015625e-7,"z":0.4480020999908447},"rotation":{"x":0.009026281535625458,"y":-0.9907666444778442,"z":0.08491743355989456,"w":0.1053144559264183},"size":0.9785860776901245,"orthographic":true}