{"cameraMode":{"drawMode":0,"name":"Shaded","section":"Shading Mode"},"sceneLighting":false,"audioPlay":false,"sceneViewState":{"showFog":true,"showMaterialUpdate":false,"showSkybox":false,"showFlares":true,"showImageEffects":true,"showParticleSystems":true,"showVisualEffectGraphs":true,"m_FxEnabled":true},"in2DMode":false,"pivot":{"x":-3.39359712600708,"y":3.7552623748779299,"z":0.0012259185314178467},"rotation":{"x":0.14576171338558198,"y":-0.8505333662033081,"z":0.39771491289138796,"w":0.3117189407348633},"size":2.673454761505127,"orthographic":false}