{"cameraMode":{"drawMode":0,"name":"Shaded","section":"Shading Mode"},"sceneLighting":false,"audioPlay":false,"sceneViewState":{"showFog":true,"showMaterialUpdate":false,"showSkybox":false,"showFlares":true,"showImageEffects":true,"showParticleSystems":true,"showVisualEffectGraphs":true,"m_FxEnabled":true},"in2DMode":false,"pivot":{"x":0.04936826229095459,"y":1.2216981649398804,"z":1.436248779296875},"rotation":{"x":-0.08319789916276932,"y":0.12877419590950013,"z":-0.010841837152838707,"w":-0.9881187081336975},"size":1.9418103694915772,"orthographic":false}